{
  "project_info": {
    "project_number": "197443860423",
    "firebase_url": "https://taxivlad-6804f.firebaseio.com",
    "project_id": "taxivlad-6804f",
    "storage_bucket": "taxivlad-6804f.appspot.com"
  },
  "client": [
    {
      "client_info": {
        "mobilesdk_app_id": "1:197443860423:android:cf9a9a6e9f962c19",
        "android_client_info": {
          "package_name": "com.example.user.taxiapp"
        }
      },
      "oauth_client": [
        {
          "client_id": "197443860423-nqm9o8linhg51m5m6di4tasp7gv2ugm3.apps.googleusercontent.com",
          "client_type": 1,
          "android_info": {
            "package_name": "com.example.user.taxiapp",
            "certificate_hash": "ea24c40cd1aa7cfe3bb86f57b38d97daea33349f"
          }
        },
        {
          "client_id": "197443860423-nl3kqh84ndftqdi7pijp0du04l21r3je.apps.googleusercontent.com",
          "client_type": 3
        }
      ],
      "api_key": [
        {
          "current_key": "AIzaSyCRIYP9_tbcUWoBOTmYgrqNvpYsHYrbCsM"
        }
      ],
      "services": {
        "analytics_service": {
          "status": 1
        },
        "appinvite_service": {
          "status": 2,
          "other_platform_oauth_client": [
            {
              "client_id": "197443860423-nl3kqh84ndftqdi7pijp0du04l21r3je.apps.googleusercontent.com",
              "client_type": 3
            }
          ]
        },
        "ads_service": {
          "status": 2
        }
      }
    }
  ],
  "configuration_version": "1"
}